target,value_mean,value_std,value_min,value_25,value_50,value_75,value_100
/data/tomocube/processed/raw_numpy/sepsis/20220603_3/20220603.210655.556.CD8_3-008_RI Tomogram.npy,13386.081084718597,69.17935071013518,13321.0,13369.0,13371.0,13374.0,14328.0
/data/tomocube/processed/raw_numpy/sepsis/20220519/20220519.191628.387.CD8-036_RI Tomogram.npy,13388.263742361049,61.73926364874069,13254.0,13369.0,13371.0,13379.0,14187.0
/data/tomocube/processed/raw_numpy/sepsis/20220519/20220519.203656.667.CD8-081_RI Tomogram.npy,13386.73032057341,58.409562487449406,13299.0,13369.0,13371.0,13376.0,14371.0
/data/tomocube/processed/raw_numpy/sepsis/20220520/20220520.165503.423.CD8-197_RI Tomogram.npy,13390.657976390514,54.64304494301186,13303.0,13369.0,13372.0,13389.0,14147.0
/data/tomocube/processed/raw_numpy/sepsis/20220520/20220520.165448.189.CD8-196_RI Tomogram.npy,13386.820879404588,52.57766304418447,13302.0,13369.0,13371.0,13381.0,14201.0
/data/tomocube/processed/raw_numpy/sepsis/20220520/20220520.165514.595.CD8-198_RI Tomogram.npy,13391.732009081725,53.04681428028717,13288.0,13369.0,13372.0,13392.0,14105.0
/data/tomocube/processed/raw_numpy/sepsis/20220520/20220520.150453.227.CD8-001_RI Tomogram.npy,13388.11836705224,64.21497598582995,13308.0,13369.0,13372.0,13381.0,14264.0
/data/tomocube/processed/raw_numpy/sepsis/20220520/20220520.143405.406.CD4-027_RI Tomogram.npy,13386.3294668487,67.89615423103912,13309.0,13369.0,13371.0,13374.0,14224.0
/data/tomocube/processed/raw_numpy/sepsis/20220531/20220531.174531.800.CD8-081_RI Tomogram.npy,13385.50900621118,61.23992679644149,13319.0,13369.0,13371.0,13376.0,14159.0
/data/tomocube/processed/raw_numpy/sepsis/20220531/20220531.174141.657.CD8-067_RI Tomogram.npy,13387.839369292666,69.62282577392205,13316.0,13369.0,13371.0,13375.0,14160.0
/data/tomocube/processed/raw_numpy/sepsis/20220531/20220531.174926.613.CD8-093_RI Tomogram.npy,13387.243623350936,61.97314000598176,13309.0,13369.0,13371.0,13376.0,14144.0
/data/tomocube/processed/raw_numpy/sepsis/20220531/20220531.165212.183.CD4-023_RI Tomogram.npy,13387.832400593612,70.95422842558838,13308.0,13369.0,13371.0,13375.0,14157.0
/data/tomocube/processed/raw_numpy/sepsis/20220531/20220531.172838.819.CD8-023_RI Tomogram.npy,13385.448170777448,66.276914559028,13315.0,13369.0,13371.0,13375.0,14220.0
/data/tomocube/processed/raw_numpy/sepsis/20220531/20220531.174107.332.CD8-065_RI Tomogram.npy,13385.071675430832,51.13262345849751,13298.0,13369.0,13371.0,13381.0,14324.0
/data/tomocube/processed/raw_numpy/sepsis/20220531/20220531.171304.241.CD4-089_RI Tomogram.npy,13388.183094037868,71.58432277300572,13301.0,13369.0,13371.0,13375.0,14262.0
/data/tomocube/processed/raw_numpy/sepsis/20220531/20220531.170630.993.CD4-070_RI Tomogram.npy,13385.59387721167,67.9949131252308,13310.0,13369.0,13371.0,13374.0,14157.0
/data/tomocube/processed/raw_numpy/sepsis/20220531/20220531.174127.032.CD8-066_RI Tomogram.npy,13385.227590492192,61.16899353070583,13316.0,13369.0,13371.0,13376.0,14237.0
/data/tomocube/processed/raw_numpy/sepsis/20220531/20220531.172335.351.CD8-002_RI Tomogram.npy,13386.240307658456,66.24516901025723,13318.0,13369.0,13371.0,13375.0,14284.0
/data/tomocube/processed/raw_numpy/sepsis/20220531/20220531.191627.112.CD8-175_RI Tomogram.npy,13388.550302432464,73.09065939959176,13315.0,13369.0,13371.0,13374.0,14160.0
/data/tomocube/processed/raw_numpy/sepsis/20220531/20220531.191944.143.CD8-186_RI Tomogram.npy,13385.22751616557,72.85986100104962,13278.0,13369.0,13371.0,13373.0,14454.0
/data/tomocube/processed/raw_numpy/sepsis/20220531/20220531.170053.605.CD4-051_RI Tomogram.npy,13386.58134851872,65.0071843313637,13314.0,13369.0,13371.0,13375.0,14143.0
/data/tomocube/processed/raw_numpy/sepsis/20220531/20220531.173945.064.CD8-061_RI Tomogram.npy,13385.67312126804,61.22502056998929,13305.0,13369.0,13371.0,13376.0,14181.0
/data/tomocube/processed/raw_numpy/sepsis/20220422/20220422.143114.944.CD8-003_RI Tomogram.npy,13398.91049243106,72.4193279334035,13274.0,13370.0,13376.0,13406.0,14629.0
/data/tomocube/processed/raw_numpy/sepsis/20220607_3/20220607.174214.681.CD8_3-029_RI Tomogram.npy,13386.235692969163,32.62423507350746,13317.0,13370.0,13375.0,13393.0,13865.0
/data/tomocube/processed/raw_numpy/sepsis/20220405/20220405.193342.800.CD8-001_RI Tomogram.npy,13385.810145615167,71.57768433970851,13313.0,13369.0,13371.0,13373.0,14345.0
/data/tomocube/processed/raw_numpy/sepsis/20220607_2/20220607.145858.397.CD8_2-024_RI Tomogram.npy,13386.289536699473,71.79673404549669,13264.0,13369.0,13371.0,13374.0,14271.0
/data/tomocube/processed/raw_numpy/igra/20220627_3/20220627.163736.209.CD8_3-093_RI Tomogram.npy,13385.084162240826,38.27643118038124,13325.0,13370.0,13374.0,13389.0,13981.0
/data/tomocube/processed/raw_numpy/igra/20220627_3/20220627.162615.739.CD8_3-055_RI Tomogram.npy,13387.994704118782,50.74530209812786,13310.0,13370.0,13374.0,13390.0,14035.0
/data/tomocube/processed/raw_numpy/igra/20220627_3/20220627.165719.413.CD8_3-156_RI Tomogram.npy,13390.690627719268,51.787532765683736,13308.0,13370.0,13375.0,13393.0,14104.0
/data/tomocube/processed/raw_numpy/igra/20220627_3/20220627.162648.443.CD8_3-057_RI Tomogram.npy,13385.940525824906,39.96358588893988,13325.0,13370.0,13375.0,13390.0,13915.0
/data/tomocube/processed/raw_numpy/igra/20220627_3/20220627.162703.882.CD8_3-058_RI Tomogram.npy,13388.065246396816,51.83611164888742,13324.0,13370.0,13374.0,13389.0,14148.0
/data/tomocube/processed/raw_numpy/igra/20220627_3/20220627.163603.179.CD8_3-087_RI Tomogram.npy,13388.397014807812,53.07490970512109,13323.0,13370.0,13374.0,13390.0,14078.0
/data/tomocube/processed/raw_numpy/igra/20220627_3/20220627.163408.008.CD8_3-081_RI Tomogram.npy,13385.726763460058,43.79997504502096,13325.0,13370.0,13374.0,13388.0,14107.0
/data/tomocube/processed/raw_numpy/igra/20220627_3/20220627.161607.989.CD8_3-024_RI Tomogram.npy,13386.273168151947,49.112967359641246,13322.0,13370.0,13374.0,13388.0,14304.0
/data/tomocube/processed/raw_numpy/igra/20220627_3/20220627.161930.302.CD8_3-036_RI Tomogram.npy,13386.597763637592,48.0675251306497,13305.0,13370.0,13374.0,13389.0,14196.0
/data/tomocube/processed/raw_numpy/igra/20220627_3/20220627.165707.224.CD8_3-155_RI Tomogram.npy,13387.900155342017,37.72375480924548,13309.0,13370.0,13376.0,13395.0,14140.0
/data/tomocube/processed/raw_numpy/igra/20220627_3/20220627.163330.227.CD8_3-079_RI Tomogram.npy,13386.303646380313,45.53971118435643,13304.0,13370.0,13374.0,13388.0,14101.0
/data/tomocube/processed/raw_numpy/igra/20220627_3/20220627.161310.051.CD8_3-017_RI Tomogram.npy,13387.083037964714,50.06564236192665,13324.0,13370.0,13374.0,13389.0,14177.0
/data/tomocube/processed/raw_numpy/igra/20220627_3/20220627.164130.212.CD8_3-105_RI Tomogram.npy,13386.434788672348,49.210692794474014,13316.0,13370.0,13374.0,13388.0,14246.0
/data/tomocube/processed/raw_numpy/igra/20220627_3/20220627.164931.007.CD8_3-130_RI Tomogram.npy,13389.615867702363,48.21246052803858,13315.0,13370.0,13375.0,13394.0,14110.0
/data/tomocube/processed/raw_numpy/igra/20220627_3/20220627.162036.523.CD8_3-039_RI Tomogram.npy,13392.688916394114,42.68805046860446,13300.0,13370.0,13378.0,13402.0,14026.0
/data/tomocube/processed/raw_numpy/igra/20220627_3/20220627.163922.849.CD8_3-098_RI Tomogram.npy,13387.452294498456,53.522165114444,13315.0,13370.0,13374.0,13389.0,14250.0
/data/tomocube/processed/raw_numpy/igra/20220803/20220803.131436.794.CD8-173_RI Tomogram.npy,13389.50327874796,53.29703496287632,13301.0,13369.0,13372.0,13389.0,14047.0
/data/tomocube/processed/raw_numpy/igra/re_20220610/20220610.170501.483.CD8_2-049_RI Tomogram.npy,13408.842941283843,62.029942565660456,13218.0,13370.0,13380.0,13430.0,14159.0
/data/tomocube/processed/raw_numpy/igra/20220714/20220714.150549.936.CD8-104_RI Tomogram.npy,14163.5908203125,789.610107421875,13345.0,13369.0,13370.0,13372.0,14103.0
/data/tomocube/processed/raw_numpy/igra/20220714/20220714.152006.921.CD8-161_RI Tomogram.npy,14163.5908203125,785.0593872070312,13310.0,13369.0,13371.0,13373.0,14009.0
/data/tomocube/processed/raw_numpy/igra/20220714/20220714.145520.656.CD8-063_RI Tomogram.npy,14163.5908203125,790.0228271484375,13342.0,13369.0,13370.0,13372.0,13925.0
/data/tomocube/processed/raw_numpy/igra/20220714/20220714.145207.689.CD8-051_RI Tomogram.npy,14163.5908203125,789.9989624023438,13343.0,13369.0,13370.0,13372.0,14170.0
/data/tomocube/processed/raw_numpy/igra/20220707/20220707.190605.558.CD8-144_RI Tomogram.npy,15267.38671875,1890.476806640625,13275.0,13370.0,13371.0,13374.0,14111.0
/data/tomocube/processed/raw_numpy/igra/20220707/20220707.191418.544.CD8-186_RI Tomogram.npy,15267.359375,1891.793212890625,13338.0,13370.0,13371.0,13374.0,14414.0
/data/tomocube/processed/raw_numpy/igra/20220707/20220707.182407.225.CD4-186_RI Tomogram.npy,15267.271484375,1892.8043212890625,13332.0,13369.0,13370.0,13372.0,14218.0
/data/tomocube/processed/raw_numpy/igra/20220707/20220707.183246.820.CD8-012_RI Tomogram.npy,15267.359375,1892.1326904296875,13343.0,13370.0,13371.0,13374.0,13974.0
/data/tomocube/processed/raw_numpy/igra/20220707/20220707.181651.320.CD4-160_RI Tomogram.npy,15267.2705078125,1892.7200927734373,13338.0,13369.0,13370.0,13372.0,14002.0
/data/tomocube/processed/raw_numpy/igra/20220707/20220707.175048.688.CD4-054_RI Tomogram.npy,15267.26953125,1893.2496337890625,13336.0,13370.0,13370.0,13372.0,13981.0
/data/tomocube/processed/raw_numpy/igra/20220707/20220707.190214.406.CD8-122_RI Tomogram.npy,15267.3603515625,1892.0428466796875,13335.0,13370.0,13371.0,13374.0,14113.0
/data/tomocube/processed/raw_numpy/igra/20220707/20220707.180521.514.CD4-118_RI Tomogram.npy,15267.2646484375,1890.6802978515625,13339.0,13369.0,13370.0,13372.0,13952.0
/data/tomocube/processed/raw_numpy/igra/20220817/20220817.125215.721.CD4-068_RI Tomogram.npy,13387.448556038147,36.34753740802888,13327.0,13370.0,13372.0,13393.0,13998.0
/data/tomocube/processed/raw_numpy/igra/20220817/20220817.143013.159.CD8-101_RI Tomogram.npy,15267.283203125,1893.9677734375,13328.0,13369.0,13370.0,13372.0,14557.0
/data/tomocube/processed/raw_numpy/igra/20220817/20220817.124855.033.CD4-064_RI Tomogram.npy,13387.014266648162,38.72430352928061,13305.0,13370.0,13372.0,13391.0,13891.0
/data/tomocube/processed/raw_numpy/igra/20220817/20220817.124808.515.CD4-059_RI Tomogram.npy,13387.398725382824,33.723055054043215,13323.0,13370.0,13373.0,13393.0,13750.0
/data/tomocube/processed/raw_numpy/igra/20220817/20220817.124523.580.CD4-044_RI Tomogram.npy,13386.204809538813,32.542964247376496,13336.0,13370.0,13372.0,13392.0,13832.0
/data/tomocube/processed/raw_numpy/igra/20220817/20220817.124607.452.CD4-047_RI Tomogram.npy,13386.661896447826,35.91225588039287,13304.0,13370.0,13372.0,13391.0,13932.0
/data/tomocube/processed/raw_numpy/igra/20220817/20220817.124704.330.CD4-053_RI Tomogram.npy,13385.034139361478,34.912032294980484,13340.0,13370.0,13372.0,13388.0,13850.0
/data/tomocube/processed/raw_numpy/igra/20220817/20220817.124501.029.CD4-042_RI Tomogram.npy,13385.733645017552,31.80331755870413,13341.0,13370.0,13372.0,13391.0,13823.0
/data/tomocube/processed/raw_numpy/igra/20220817/20220817.124637.108.CD4-050_RI Tomogram.npy,13386.753529670636,39.83232440325305,13332.0,13370.0,13372.0,13391.0,13896.0
/data/tomocube/processed/raw_numpy/igra/20220817/20220817.124656.000.CD4-052_RI Tomogram.npy,13386.172635988338,34.80326051408926,13330.0,13370.0,13372.0,13391.0,13856.0
/data/tomocube/processed/raw_numpy/igra/20220817/20220817.124848.329.CD4-063_RI Tomogram.npy,13386.607407032336,35.8485267906548,13295.0,13370.0,13372.0,13392.0,13949.0
/data/tomocube/processed/raw_numpy/igra/20220817/20220817.133517.045.CD4-164_RI Tomogram.npy,15267.2412109375,1894.2449951171875,13336.0,13369.0,13370.0,13372.0,14026.0
/data/tomocube/processed/raw_numpy/igra/20220817/20220817.125226.079.CD4-069_RI Tomogram.npy,13386.553005821106,37.15378414670319,13300.0,13370.0,13372.0,13391.0,14097.0
/data/tomocube/processed/raw_numpy/igra/20220817/20220817.124057.485.CD4-018_RI Tomogram.npy,13385.410531751031,28.447862313102103,13332.0,13370.0,13372.0,13391.0,13899.0
/data/tomocube/processed/raw_numpy/igra/20220817/20220817.124402.530.CD4-036_RI Tomogram.npy,13386.54394647483,33.64894099486885,13336.0,13370.0,13372.0,13392.0,13862.0
/data/tomocube/processed/raw_numpy/igra/20220817/20220817.124512.608.CD4-043_RI Tomogram.npy,13386.613259019214,34.013795873234216,13333.0,13370.0,13372.0,13392.0,13934.0
/data/tomocube/processed/raw_numpy/igra/20220817/20220817.124321.702.CD4-032_RI Tomogram.npy,13386.069387933709,34.20178181462102,13334.0,13370.0,13372.0,13391.0,13843.0
/data/tomocube/processed/raw_numpy/igra/20220817/20220817.134337.140.CD4-197_RI Tomogram.npy,15267.2392578125,1893.81787109375,13339.0,13369.0,13370.0,13372.0,14027.0
/data/tomocube/processed/raw_numpy/igra/20220817/20220817.124730.736.CD4-056_RI Tomogram.npy,13386.252290497694,33.66650068865104,13329.0,13370.0,13372.0,13392.0,13852.0
/data/tomocube/processed/raw_numpy/igra/20220817/20220817.130622.968.CD4-077_RI Tomogram.npy,15267.1953125,1894.489990234375,13326.0,13370.0,13370.0,13371.0,13997.0
/data/tomocube/processed/raw_numpy/igra/20220817/20220817.124722.000.CD4-055_RI Tomogram.npy,13386.102747334491,35.09762556212511,13301.0,13370.0,13372.0,13391.0,13878.0
/data/tomocube/processed/raw_numpy/igra/20220817/20220817.124428.330.CD4-038_RI Tomogram.npy,13386.984183807424,34.69594466316894,13286.0,13370.0,13373.0,13393.0,13981.0
/data/tomocube/processed/raw_numpy/igra/20220817/20220817.124841.220.CD4-062_RI Tomogram.npy,13386.025660875566,33.062996231001506,13330.0,13370.0,13372.0,13391.0,13831.0
/data/tomocube/processed/raw_numpy/igra/20220817/20220817.124559.734.CD4-046_RI Tomogram.npy,13386.460641834448,35.27989919044769,13298.0,13370.0,13372.0,13392.0,13917.0
/data/tomocube/processed/raw_numpy/igra/20220817/20220817.124305.046.CD4-030_RI Tomogram.npy,13386.073885725787,34.10562014314262,13340.0,13370.0,13373.0,13391.0,13835.0
/data/tomocube/processed/raw_numpy/igra/20220817/20220817.124745.155.CD4-057_RI Tomogram.npy,13387.448761452177,35.60179935518747,13325.0,13370.0,13372.0,13393.0,13807.0
/data/tomocube/processed/raw_numpy/igra/20220817/20220817.124451.283.CD4-041_RI Tomogram.npy,13387.890225017753,36.21739815015916,13308.0,13370.0,13373.0,13394.0,13823.0
/data/tomocube/processed/raw_numpy/igra/20220817/20220817.124436.046.CD4-039_RI Tomogram.npy,13385.42447558786,33.27276018330434,13303.0,13370.0,13372.0,13390.0,13914.0
/data/tomocube/processed/raw_numpy/igra/20220817/20220817.124646.045.CD4-051_RI Tomogram.npy,15267.537109375,1881.483642578125,13330.0,13370.0,13372.0,13392.0,13843.0
/data/tomocube/processed/raw_numpy/igra/20220817/20220817.124614.967.CD4-048_RI Tomogram.npy,13385.81374636181,33.21625384941088,13332.0,13370.0,13372.0,13391.0,13902.0
/data/tomocube/processed/raw_numpy/igra/20220817/20220817.124256.925.CD4-029_RI Tomogram.npy,13385.30468226463,36.07792917663203,13343.0,13370.0,13372.0,13389.0,13864.0
/data/tomocube/processed/raw_numpy/igra/20220817/20220817.124757.141.CD4-058_RI Tomogram.npy,13386.93858958202,33.39000519584194,13325.0,13370.0,13372.0,13392.0,13792.0
/data/tomocube/processed/raw_numpy/igra/20220817/20220817.124347.908.CD4-035_RI Tomogram.npy,13386.071265540451,33.18020387638736,13334.0,13370.0,13372.0,13391.0,13857.0
/data/tomocube/processed/raw_numpy/igra/20220817/20220817.124415.127.CD4-037_RI Tomogram.npy,13386.577679821668,38.13471654852032,13333.0,13370.0,13373.0,13391.0,13900.0
/data/tomocube/processed/raw_numpy/igra/20220817/20220817.124626.752.CD4-049_RI Tomogram.npy,13386.392468881588,35.7918360508956,13337.0,13370.0,13372.0,13391.0,13844.0
/data/tomocube/processed/raw_numpy/igra/20220817/20220817.124816.846.CD4-060_RI Tomogram.npy,13386.813587144055,31.833508447511036,13328.0,13370.0,13372.0,13393.0,13765.0
/data/tomocube/processed/raw_numpy/igra/20220817/20220817.124927.123.CD4-065_RI Tomogram.npy,13385.583480236244,32.70745334574561,13333.0,13370.0,13372.0,13391.0,13860.0
/data/tomocube/processed/raw_numpy/igra/20220817/20220817.143914.280.CD8-130_RI Tomogram.npy,15267.23828125,1893.4696044921875,13343.0,13369.0,13370.0,13372.0,13984.0
/data/tomocube/processed/raw_numpy/igra/20220817/20220817.124825.171.CD4-061_RI Tomogram.npy,13387.457943134195,33.71656023090024,13330.0,13370.0,13373.0,13393.0,13762.0
/data/tomocube/processed/raw_numpy/igra/20220817/20220817.125248.221.CD4-070_RI Tomogram.npy,13386.385678591432,36.76446221145888,13307.0,13370.0,13372.0,13391.0,14037.0
/data/tomocube/processed/raw_numpy/igra/20220817/20220817.124944.593.CD4-066_RI Tomogram.npy,13385.841560396477,32.93771870730331,13331.0,13370.0,13372.0,13391.0,13856.0
/data/tomocube/processed/raw_numpy/igra/20220817/20220817.143536.126.CD8-117_RI Tomogram.npy,15267.2353515625,1893.9248046875,13334.0,13369.0,13370.0,13372.0,14609.0
/data/tomocube/processed/raw_numpy/igra/20220817/20220817.125035.780.CD4-067_RI Tomogram.npy,13385.676399453396,31.589477002000287,13338.0,13370.0,13373.0,13391.0,13793.0
/data/tomocube/processed/raw_numpy/igra/20220817/20220817.124536.578.CD4-045_RI Tomogram.npy,13385.906503610686,32.45434353045671,13335.0,13370.0,13372.0,13391.0,13836.0
/data/tomocube/processed/raw_numpy/igra/20220817/20220817.125331.282.CD4-071_RI Tomogram.npy,13386.508634640582,36.72894899412295,13334.0,13370.0,13372.0,13391.0,14014.0
/data/tomocube/processed/raw_numpy/igra/20220817/20220817.124712.655.CD4-054_RI Tomogram.npy,13386.284859873376,33.943991425566374,13326.0,13370.0,13372.0,13391.0,13828.0
/data/tomocube/processed/raw_numpy/igra/20220624/20220624.180534.881.CD4-071_RI Tomogram.npy,13385.161034784109,43.74755380247903,13250.0,13368.0,13371.0,13379.0,14037.0
/data/tomocube/processed/raw_numpy/igra/20220624/20220624.181640.524.CD4-108_RI Tomogram.npy,13385.09016294346,48.4781633655403,13267.0,13368.0,13371.0,13378.0,14065.0
/data/tomocube/processed/raw_numpy/igra/20220624/20220624.181841.988.CD4-116_RI Tomogram.npy,13387.954855610064,45.738542356346464,13269.0,13369.0,13372.0,13382.0,14314.0
/data/tomocube/processed/raw_numpy/igra/20220624/20220624.181907.787.CD4-118_RI Tomogram.npy,13386.066667666855,50.72072224228848,13208.0,13368.0,13371.0,13378.0,14139.0
/data/tomocube/processed/raw_numpy/igra/20220624/20220624.181012.555.CD4-087_RI Tomogram.npy,13385.329717021234,50.48217555040383,13273.0,13368.0,13371.0,13378.0,14049.0
/data/tomocube/processed/raw_numpy/igra/20220624/20220624.181858.240.CD4-117_RI Tomogram.npy,13385.24613326532,51.15281810768649,13207.0,13368.0,13371.0,13378.0,14439.0
/data/tomocube/processed/raw_numpy/igra/20220711_2/20220711.143850.222.CD4_2-004_RI Tomogram.npy,15267.23046875,1893.2989501953125,13339.0,13369.0,13370.0,13372.0,13975.0
/data/tomocube/processed/raw_numpy/igra/20220711_2/20220711.174602.629.CD8_2-195_RI Tomogram.npy,15267.2333984375,1892.9541015625,13337.0,13369.0,13370.0,13372.0,14159.0
/data/tomocube/processed/raw_numpy/igra/20220711_2/20220711.173607.269.CD8_2-167_RI Tomogram.npy,15267.23828125,1892.9354248046875,13338.0,13369.0,13370.0,13372.0,13974.0
/data/tomocube/processed/raw_numpy/igra/20220711_2/20220711.151708.177.CD4_2-061_RI Tomogram.npy,15267.3232421875,1893.660400390625,13329.0,13369.0,13371.0,13373.0,13768.0
/data/tomocube/processed/raw_numpy/igra/20220711_2/20220711.162035.145.CD8_2-103_RI Tomogram.npy,15267.236328125,1893.355712890625,13338.0,13369.0,13370.0,13372.0,14116.0
/data/tomocube/processed/raw_numpy/igra/20220711_2/20220711.165550.289.CD4_2-169_RI Tomogram.npy,15267.2431640625,1893.369140625,13334.0,13369.0,13370.0,13372.0,13955.0
/data/tomocube/processed/raw_numpy/igra/20220711_2/20220711.150425.848.CD4_2-022_RI Tomogram.npy,15267.3203125,1892.85546875,13270.0,13369.0,13371.0,13373.0,14100.0
/data/tomocube/processed/raw_numpy/igra/20220718_2/20220718.164352.377.CD8_2-057_RI Tomogram.npy,3.577598054270509e+30,inf,-6.942100899861065e+37,13369.0,13370.0,13373.0,6.942100899861065e+37
/data/tomocube/processed/raw_numpy/igra/20220718_2/20220718.171422.731.CD4_2-149_RI Tomogram.npy,14163.5908203125,785.575439453125,13227.0,13369.0,13371.0,13373.0,14510.0
/data/tomocube/processed/raw_numpy/igra/20220718_2/20220718.172139.856.CD4_2-177_RI Tomogram.npy,14163.5908203125,787.58447265625,13312.0,13369.0,13370.0,13372.0,14278.0
/data/tomocube/processed/raw_numpy/igra/20220718_2/20220718.154530.099.CD4_2-003_RI Tomogram.npy,14163.5908203125,790.8965454101562,13342.0,13369.0,13370.0,13372.0,13925.0
/data/tomocube/processed/raw_numpy/igra/20220718_2/20220718.155801.053.CD4_2-038_RI Tomogram.npy,14163.5908203125,789.3646850585938,13338.0,13369.0,13370.0,13372.0,13929.0
/data/tomocube/processed/raw_numpy/igra/20220718_2/20220718.160638.821.CD4_2-059_RI Tomogram.npy,14163.5908203125,791.1607666015625,13332.0,13369.0,13370.0,13372.0,14444.0
/data/tomocube/processed/raw_numpy/igra/20220718_2/20220718.163817.422.CD8_2-042_RI Tomogram.npy,14163.5908203125,787.8196411132812,13332.0,13369.0,13370.0,13373.0,14029.0
/data/tomocube/processed/raw_numpy/igra/20220718_2/20220718.155108.098.CD4_2-023_RI Tomogram.npy,14163.5908203125,790.9125366210938,13337.0,13369.0,13370.0,13372.0,13971.0
/data/tomocube/processed/raw_numpy/igra/20220718_2/20220718.170850.011.CD4_2-124_RI Tomogram.npy,14163.5908203125,787.6328735351562,13305.0,13369.0,13370.0,13372.0,14144.0
/data/tomocube/processed/raw_numpy/igra/20220718_2/20220718.164240.467.CD8_2-053_RI Tomogram.npy,14163.5908203125,785.6353149414062,13331.0,13369.0,13371.0,13373.0,14119.0
/data/tomocube/processed/raw_numpy/igra/20220718_2/20220718.172029.574.CD4_2-173_RI Tomogram.npy,14163.5908203125,786.4065551757812,13330.0,13369.0,13370.0,13372.0,14104.0
/data/tomocube/processed/raw_numpy/igra/20220718_2/20220718.180318.287.CD8_2-179_RI Tomogram.npy,14163.5908203125,790.0387573242188,13343.0,13369.0,13370.0,13372.0,13944.0
/data/tomocube/processed/raw_numpy/igra/20220718_2/20220718.170314.448.CD4_2-108_RI Tomogram.npy,14163.5908203125,787.4833984375,13265.0,13369.0,13370.0,13372.0,14179.0
/data/tomocube/processed/raw_numpy/igra/20220718_2/20220718.171044.572.CD4_2-133_RI Tomogram.npy,14163.5908203125,788.03955078125,13322.0,13369.0,13370.0,13372.0,14160.0
/data/tomocube/processed/raw_numpy/igra/20220718_2/20220718.172816.965.CD4_2-198_RI Tomogram.npy,14163.5908203125,790.607421875,13323.0,13369.0,13370.0,13372.0,14173.0
/data/tomocube/processed/raw_numpy/igra/20220718_2/20220718.172404.884.CD4_2-187_RI Tomogram.npy,14163.5908203125,790.7557373046875,13339.0,13369.0,13370.0,13372.0,14284.0
/data/tomocube/processed/raw_numpy/igra/20220718_2/20220718.170944.856.CD4_2-128_RI Tomogram.npy,14163.5908203125,787.7587280273438,13316.0,13369.0,13370.0,13372.0,14141.0
/data/tomocube/processed/raw_numpy/igra/20220718_2/20220718.160949.144.CD4_2-067_RI Tomogram.npy,14163.5908203125,790.3240356445312,13341.0,13369.0,13370.0,13372.0,13959.0
/data/tomocube/processed/raw_numpy/igra/20220718_2/20220718.171315.291.CD4_2-145_RI Tomogram.npy,14163.5908203125,791.0543823242188,13340.0,13369.0,13370.0,13372.0,14441.0
/data/tomocube/processed/raw_numpy/igra/20220718_2/20220718.170442.607.CD4_2-113_RI Tomogram.npy,14163.5908203125,789.0044555664062,13294.0,13369.0,13370.0,13372.0,14138.0
/data/tomocube/processed/raw_numpy/igra/20220718_2/20220718.175802.635.CD8_2-155_RI Tomogram.npy,14163.5908203125,787.201416015625,13309.0,13369.0,13370.0,13372.0,14147.0
/data/tomocube/processed/raw_numpy/igra/20220718_2/20220718.180457.008.CD8_2-185_RI Tomogram.npy,14163.5908203125,786.693603515625,13317.0,13369.0,13370.0,13373.0,14267.0
/data/tomocube/processed/raw_numpy/igra/20220718_2/20220718.154547.365.CD4_2-004_RI Tomogram.npy,14163.5908203125,786.1658935546875,13298.0,13369.0,13370.0,13373.0,14417.0
/data/tomocube/processed/raw_numpy/igra/20220718_2/20220718.175929.773.CD8_2-162_RI Tomogram.npy,14163.5908203125,789.8410034179688,13282.0,13370.0,13370.0,13371.0,14047.0
/data/tomocube/processed/raw_numpy/igra/20220718_2/20220718.172212.759.CD4_2-179_RI Tomogram.npy,14163.5908203125,787.2174072265625,13323.0,13369.0,13370.0,13372.0,14036.0
/data/tomocube/processed/raw_numpy/igra/20220718_2/20220718.154955.177.CD4_2-019_RI Tomogram.npy,14163.5908203125,791.5637817382812,13339.0,13369.0,13370.0,13372.0,14043.0
/data/tomocube/processed/raw_numpy/igra/20220718_2/20220718.161447.535.CD4_2-079_RI Tomogram.npy,14163.5908203125,791.14794921875,13336.0,13369.0,13370.0,13372.0,14394.0
/data/tomocube/processed/raw_numpy/igra/20220718_2/20220718.172912.417.CD4_2-201_RI Tomogram.npy,14163.5908203125,789.5087890625,13321.0,13369.0,13370.0,13372.0,14200.0
/data/tomocube/processed/raw_numpy/igra/20220718_2/20220718.174045.277.CD8_2-108_RI Tomogram.npy,14163.5908203125,789.5653076171875,13338.0,13370.0,13370.0,13373.0,13915.0
/data/tomocube/processed/raw_numpy/igra/20220718_2/20220718.165012.216.CD8_2-079_RI Tomogram.npy,14163.5908203125,786.50927734375,13315.0,13369.0,13371.0,13374.0,14071.0
/data/tomocube/processed/raw_numpy/igra/20220718_2/20220718.180757.178.CD8_2-198_RI Tomogram.npy,14163.5908203125,788.0679321289062,13290.0,13369.0,13370.0,13372.0,14195.0
/data/tomocube/processed/raw_numpy/igra/20220718_2/20220718.171149.778.CD4_2-138_RI Tomogram.npy,14163.5908203125,790.8443603515625,13338.0,13369.0,13370.0,13372.0,14044.0
/data/tomocube/processed/raw_numpy/igra/20220718_2/20220718.161048.866.CD4_2-070_RI Tomogram.npy,14163.5908203125,791.0078735351562,13337.0,13369.0,13370.0,13372.0,14259.0
/data/tomocube/processed/raw_numpy/igra/20220718_2/20220718.162918.735.CD8_2-008_RI Tomogram.npy,14163.5908203125,786.7096557617188,13317.0,13369.0,13370.0,13373.0,14119.0
/data/tomocube/processed/raw_numpy/igra/20220718_2/20220718.155723.680.CD4_2-036_RI Tomogram.npy,14163.5908203125,789.4086303710938,13322.0,13369.0,13370.0,13372.0,14200.0
/data/tomocube/processed/raw_numpy/igra/20220725_3/20220725.165029.195.CD4_3-023_RI Tomogram.npy,15267.244140625,1894.03955078125,13335.0,13369.0,13370.0,13372.0,14008.0
/data/tomocube/processed/raw_numpy/igra/20220825/20220825.132059.588.CD4-080_RI Tomogram.npy,15267.251953125,1893.1785888671875,13341.0,13369.0,13370.0,13372.0,13976.0
/data/tomocube/processed/raw_numpy/igra/20220825/20220825.144518.409.CD8-021_RI Tomogram.npy,13385.257778602934,43.37580905032269,13260.0,13368.0,13371.0,13379.0,13970.0
/data/tomocube/processed/raw_numpy/igra/20220825/20220825.144713.785.CD8-025_RI Tomogram.npy,13385.25198306428,46.05486913628318,13249.0,13368.0,13372.0,13381.0,14272.0
/data/tomocube/processed/raw_numpy/igra/20220825/20220825.131443.201.CD4-064_RI Tomogram.npy,15267.3115234375,1890.636474609375,13261.0,13369.0,13371.0,13373.0,14154.0
/data/tomocube/processed/raw_numpy/igra/20220825/20220825.125340.171.CD4-017_RI Tomogram.npy,15267.2470703125,1893.2393798828125,13342.0,13369.0,13370.0,13372.0,13995.0
/data/tomocube/processed/raw_numpy/igra/20220825/20220825.145024.317.CD8-033_RI Tomogram.npy,15267.443359375,1889.4832763671875,13303.0,13369.0,13371.0,13375.0,14036.0
/data/tomocube/processed/raw_numpy/igra/20220825/20220825.143915.632.CD8-007_RI Tomogram.npy,13385.614627091649,44.9369829073755,13268.0,13368.0,13371.0,13378.0,14002.0
/data/tomocube/processed/raw_numpy/igra/20220825/20220825.145534.283.CD8-050_RI Tomogram.npy,13386.909447607546,47.87315233083525,13257.0,13368.0,13371.0,13380.0,14025.0
/data/tomocube/processed/raw_numpy/igra/20220825/20220825.150947.406.CD8-051_RI Tomogram.npy,13403.976582113102,42.18771183919726,13292.0,13371.0,13388.0,13429.0,13803.0
/data/tomocube/processed/raw_numpy/igra/20220825/20220825.144733.485.CD8-026_RI Tomogram.npy,13386.158269821266,47.10874016151725,13260.0,13368.0,13371.0,13379.0,14070.0
/data/tomocube/processed/raw_numpy/igra/20220825/20220825.132817.930.CD4-096_RI Tomogram.npy,15267.2412109375,1893.5517578125,13335.0,13369.0,13370.0,13372.0,14480.0
/data/tomocube/processed/raw_numpy/igra/20220825/20220825.132802.699.CD4-095_RI Tomogram.npy,15267.2451171875,1893.07470703125,13325.0,13369.0,13370.0,13372.0,14344.0
/data/tomocube/processed/raw_numpy/igra/20220825/20220825.153841.278.CD8-094_RI Tomogram.npy,15267.259765625,1892.7734375,13341.0,13369.0,13370.0,13372.0,13946.0
/data/tomocube/processed/raw_numpy/igra/20220825/20220825.152825.813.CD8-067_RI Tomogram.npy,15267.255859375,1893.347900390625,13342.0,13369.0,13370.0,13372.0,13990.0
/data/tomocube/processed/raw_numpy/igra/20220825/20220825.141045.523.CD4-196_RI Tomogram.npy,15267.2509765625,1893.4581298828125,13335.0,13369.0,13370.0,13372.0,14163.0
/data/tomocube/processed/raw_numpy/igra/20220817_2/20220817.154839.565.CD4_2-123_RI Tomogram.npy,15267.2431640625,1893.461669921875,13340.0,13369.0,13370.0,13372.0,14846.0
/data/tomocube/processed/raw_numpy/igra/20220817_2/20220817.162145.125.CD8_2-023_RI Tomogram.npy,15267.2353515625,1893.3421630859373,13337.0,13369.0,13370.0,13372.0,14087.0
/data/tomocube/processed/raw_numpy/igra/20220817_2/20220817.162859.612.CD8_2-045_RI Tomogram.npy,15267.2353515625,1893.6080322265625,13337.0,13369.0,13370.0,13372.0,14087.0
/data/tomocube/processed/raw_numpy/igra/20220817_2/20220817.154959.999.CD4_2-127_RI Tomogram.npy,15267.23828125,1893.8365478515625,13339.0,13369.0,13370.0,13372.0,14008.0
/data/tomocube/processed/raw_numpy/igra/20220817_2/20220817.153056.407.CD4_2-083_RI Tomogram.npy,15267.234375,1893.4993896484373,13336.0,13369.0,13370.0,13372.0,14009.0
/data/tomocube/processed/raw_numpy/igra/20220817_2/20220817.163034.469.CD8_2-051_RI Tomogram.npy,15267.232421875,1893.7484130859373,13333.0,13369.0,13370.0,13372.0,14285.0
/data/tomocube/processed/raw_numpy/igra/20220817_2/20220817.162913.421.CD8_2-046_RI Tomogram.npy,15267.23046875,1893.463623046875,13332.0,13369.0,13370.0,13372.0,14016.0
/data/tomocube/processed/raw_numpy/igra/20220704_2/20220704.172108.100.CD8_2-102_RI Tomogram.npy,13385.526202228424,58.69363946624757,13271.0,13370.0,13372.0,13381.0,14246.0
/data/tomocube/processed/raw_numpy/igra/20220822_2/20220822.194347.249.CD8_2-140_RI Tomogram.npy,13385.571352431962,35.67927982405401,13294.0,13369.0,13372.0,13386.0,13955.0
/data/tomocube/processed/raw_numpy/igra/20220822_2/20220822.174817.445.CD4_2-058_RI Tomogram.npy,15267.2314453125,1893.4793701171875,13340.0,13369.0,13370.0,13372.0,14002.0
/data/tomocube/processed/raw_numpy/igra/20220623/20220623.182350.024.CD8-179_RI Tomogram.npy,15267.2314453125,1893.3743896484373,13337.0,13369.0,13370.0,13372.0,14134.0
/data/tomocube/processed/raw_numpy/igra/20220623/20220623.171213.726.CD8-075_RI Tomogram.npy,15267.2509765625,1893.0592041015625,13340.0,13369.0,13370.0,13372.0,13993.0
/data/tomocube/processed/raw_numpy/igra/20220623/20220623.175128.146.CD4-132_RI Tomogram.npy,15267.244140625,1893.8192138671875,13344.0,13369.0,13370.0,13372.0,14275.0
/data/tomocube/processed/raw_numpy/igra/20220623/20220623.180242.320.CD4-181_RI Tomogram.npy,15267.236328125,1894.151123046875,13335.0,13369.0,13370.0,13372.0,14324.0
/data/tomocube/processed/raw_numpy/igra/20220623/20220623.173859.426.CD8-151_RI Tomogram.npy,15267.24609375,1893.13037109375,13348.0,13369.0,13370.0,13372.0,13662.0
/data/tomocube/processed/raw_numpy/igra/20220623/20220623.170423.898.CD8-047_RI Tomogram.npy,15268.3466796875,1892.414306640625,13268.0,13369.0,13370.0,13372.0,14092.0
/data/tomocube/processed/raw_numpy/igra/20220623/20220623.180519.132.CD4-189_RI Tomogram.npy,15267.2392578125,1893.7801513671875,13344.0,13369.0,13370.0,13372.0,14399.0
/data/tomocube/processed/raw_numpy/igra/20220623/20220623.172530.177.CD8-115_RI Tomogram.npy,15267.263671875,1893.25732421875,13337.0,13369.0,13370.0,13372.0,14007.0
/data/tomocube/processed/raw_numpy/igra/20220623/20220623.182518.381.CD8-184_RI Tomogram.npy,15267.2275390625,1893.083740234375,13342.0,13369.0,13370.0,13372.0,13990.0
/data/tomocube/processed/raw_numpy/igra/20220623/20220623.160734.444.CD4-037_RI Tomogram.npy,15267.2763671875,1892.402587890625,13348.0,13370.0,13371.0,13373.0,14108.0
/data/tomocube/processed/raw_numpy/igra/20220623/20220623.172602.070.CD8-116_RI Tomogram.npy,15267.2470703125,1893.265869140625,13339.0,13369.0,13370.0,13372.0,14387.0
/data/tomocube/processed/raw_numpy/igra/20220623/20220623.165926.726.CD8-032_RI Tomogram.npy,15267.248046875,1893.2650146484373,13321.0,13369.0,13370.0,13372.0,14085.0
/data/tomocube/processed/raw_numpy/igra/20220623/20220623.171330.911.CD8-080_RI Tomogram.npy,15267.2509765625,1893.009033203125,13343.0,13369.0,13370.0,13372.0,14097.0
/data/tomocube/processed/raw_numpy/igra/20220623/20220623.182939.192.CD8-199_RI Tomogram.npy,15267.26953125,1892.868408203125,13339.0,13369.0,13370.0,13373.0,13962.0
/data/tomocube/processed/raw_numpy/igra/20220623/20220623.180204.536.CD4-178_RI Tomogram.npy,15267.236328125,1894.084228515625,13335.0,13369.0,13370.0,13372.0,14025.0
/data/tomocube/processed/raw_numpy/igra/20220623/20220623.161346.162.CD4-055_RI Tomogram.npy,15267.27734375,1893.3572998046875,13324.0,13369.0,13370.0,13372.0,14024.0
/data/tomocube/processed/raw_numpy/igra/20220725_2/20220725.155507.489.CD8_2-146_RI Tomogram.npy,15267.24609375,1893.6806640625,13328.0,13369.0,13370.0,13372.0,14246.0
/data/tomocube/processed/raw_numpy/igra/20220801_2/20220801.172704.437.CD4_2-038_RI Tomogram.npy,15267.2392578125,1893.3907470703125,13340.0,13369.0,13370.0,13372.0,13964.0
/data/tomocube/processed/raw_numpy/igra/20220801_2/20220801.184900.875.CD8_2-017_RI Tomogram.npy,15267.236328125,1893.9388427734373,13329.0,13369.0,13370.0,13372.0,14016.0
/data/tomocube/processed/raw_numpy/igra/20220801_2/20220801.172037.079.CD4_2-028_RI Tomogram.npy,15267.24609375,1893.4920654296875,13339.0,13369.0,13370.0,13372.0,13953.0
/data/tomocube/processed/raw_numpy/igra/20220801_2/20220801.192040.295.CD8_2-093_RI Tomogram.npy,15267.2578125,1893.5849609375,13336.0,13369.0,13370.0,13372.0,13987.0
/data/tomocube/processed/raw_numpy/igra/20220801_2/20220801.173508.481.CD4_2-059_RI Tomogram.npy,15267.2392578125,1894.067138671875,13343.0,13369.0,13370.0,13372.0,14572.0
/data/tomocube/processed/raw_numpy/igra/20220801_2/20220801.191648.124.CD8_2-081_RI Tomogram.npy,15267.2421875,1893.4747314453125,13342.0,13369.0,13370.0,13372.0,13943.0
/data/tomocube/processed/raw_numpy/igra/20220801_2/20220801.173407.747.CD4_2-057_RI Tomogram.npy,15267.236328125,1893.5802001953125,13323.0,13369.0,13370.0,13372.0,14430.0
/data/tomocube/processed/raw_numpy/igra/20220801_2/20220801.182637.000.CD4_2-130_RI Tomogram.npy,15267.25,1893.8260498046875,13334.0,13369.0,13370.0,13372.0,14414.0
/data/tomocube/processed/raw_numpy/igra/20220824_2/20220824.145205.780.CD4_2-016_RI Tomogram.npy,15267.2412109375,1893.609130859375,13339.0,13369.0,13370.0,13372.0,14379.0
/data/tomocube/processed/raw_numpy/igra/20220824_2/20220824.164837.941.CD8_2-094_RI Tomogram.npy,15267.234375,1893.6192626953125,13337.0,13369.0,13370.0,13372.0,14042.0
/data/tomocube/processed/raw_numpy/igra/20220824_2/20220824.164824.938.CD8_2-093_RI Tomogram.npy,15267.244140625,1893.322509765625,13332.0,13369.0,13370.0,13372.0,14463.0
/data/tomocube/processed/raw_numpy/igra/20220824_2/20220824.161409.724.CD8_2-001_RI Tomogram.npy,15267.2373046875,1893.1810302734373,13342.0,13369.0,13370.0,13372.0,13966.0
/data/tomocube/processed/raw_numpy/igra/20220824_2/20220824.162148.584.CD8_2-022_RI Tomogram.npy,15267.2158203125,1893.501708984375,13344.0,13370.0,13370.0,13371.0,14113.0
/data/tomocube/processed/raw_numpy/igra/20220824_2/20220824.155112.134.CD4_2-174_RI Tomogram.npy,15267.306640625,1893.0399169921875,13334.0,13369.0,13370.0,13373.0,14134.0
/data/tomocube/processed/raw_numpy/igra/20220824_2/20220824.161629.679.CD8_2-004_RI Tomogram.npy,13385.958882562689,34.6352487036072,13294.0,13370.0,13375.0,13392.0,14591.0
/data/tomocube/processed/raw_numpy/igra/20220824_2/20220824.171144.266.CD8_2-172_RI Tomogram.npy,15267.236328125,1893.82177734375,13329.0,13369.0,13370.0,13372.0,14030.0
/data/tomocube/processed/raw_numpy/igra/20220824_2/20220824.165539.222.CD8_2-114_RI Tomogram.npy,15267.2431640625,1894.035400390625,13339.0,13369.0,13370.0,13372.0,14083.0
/data/tomocube/processed/raw_numpy/igra/20220824_2/20220824.170158.859.CD8_2-138_RI Tomogram.npy,15267.236328125,1893.885986328125,13323.0,13369.0,13370.0,13372.0,14034.0
/data/tomocube/processed/raw_numpy/igra/20220622/20220622.144922.288.CD8-020_RI Tomogram.npy,13385.52313720857,41.80976796779323,13280.0,13369.0,13372.0,13382.0,13924.0
/data/tomocube/processed/raw_numpy/igra/20220622/20220622.144904.616.CD8-019_RI Tomogram.npy,13387.59042399306,44.081705391042576,13269.0,13369.0,13372.0,13384.0,13961.0
/data/tomocube/processed/raw_numpy/igra/20220725/20220725.131658.100.CD4-048_RI Tomogram.npy,15267.2705078125,1893.5499267578125,13275.0,13369.0,13370.0,13372.0,14076.0
/data/tomocube/processed/raw_numpy/igra/20220725/20220725.135150.694.CD8-038_RI Tomogram.npy,15267.25390625,1892.8369140625,13266.0,13369.0,13370.0,13372.0,14460.0
/data/tomocube/processed/raw_numpy/igra/20220725/20220725.134828.583.CD8-024_RI Tomogram.npy,15267.2373046875,1893.5523681640625,13336.0,13369.0,13370.0,13372.0,14016.0
/data/tomocube/processed/raw_numpy/igra/20220725/20220725.134250.381.CD8-002_RI Tomogram.npy,13385.557044776007,30.434430695964103,13327.0,13370.0,13376.0,13392.0,13916.0
/data/tomocube/processed/raw_numpy/igra/20220725/20220725.134047.286.CD8-001_RI Tomogram.npy,15267.244140625,1893.5587158203125,13343.0,13369.0,13370.0,13372.0,13952.0
/data/tomocube/processed/raw_numpy/igra/20220725/20220725.132102.258.CD4-073_RI Tomogram.npy,15268.2119140625,1892.5638427734373,13273.0,13369.0,13370.0,13372.0,14699.0
/data/tomocube/processed/raw_numpy/igra/20220725/20220725.132048.649.CD4-072_RI Tomogram.npy,15267.248046875,1893.1988525390625,13341.0,13369.0,13370.0,13372.0,14159.0
/data/tomocube/processed/raw_numpy/igra/20220725/20220725.140339.599.CD8-084_RI Tomogram.npy,15267.2373046875,1893.8831787109373,13341.0,13369.0,13370.0,13372.0,13949.0
/data/tomocube/processed/raw_numpy/igra/20220725/20220725.132857.974.CD4-119_RI Tomogram.npy,15267.2373046875,1893.845703125,13340.0,13369.0,13370.0,13372.0,14220.0
/data/tomocube/processed/raw_numpy/igra/20220803_3/20220803.192505.912.CD8_3-092_RI Tomogram.npy,13388.91741199578,49.47891042559554,13175.0,13370.0,13371.0,13384.0,15018.0
